{
  "consumers": [
    {
      "name": "disf!op-odin-deploy-mock",
      "type": "",
      "clusterName": "pre",
      "clusterId": "d147a3ba-e64e-8805-e358-efe6cd8cb7b6",
      "su": "pre.op-odin-deploy-mock",
      "cuuid": "pre.op-odin-deploy-mock",
      "libs": [
        "php-common"
      ],
      "groupRouting": "std-offline",
      "defaultProtocol": "http",
      "defaultPort": 8000,
      "autoRegOn": false,
      "classification": "",
      "odin": "pre.mock.deploy.odin.op.didi.com",
      "git": "",
      "techType": "go",
      "owner": "liukai",
      "version": 0,
      "status": "enabled",
      "endpoints": {
        "http": [
          {
            "protocol": "http",
            "ip": "127.0.0.1",
            "port": 8000,
            "weight": 50,
            "status": "enabled",
            "tags": null,
            "agentNode": ""
          }
        ]
      }
    }
  ]
}