{
  "d147a3ba-e64e-8805-e358-efe6cd8cb7b6": {
    "4807e958-ee9e-d637-ec72-421d2507a396": {
      "name": "disf!common-plat-public-uranus",
      "type": "",
      "clusterName": "hnb",
      "clusterId": "4807e958-ee9e-d637-ec72-421d2507a396",
      "su": "hnb.common-plat-public-uranus",
      "cuuid": "hnb.common-plat-public-uranus",
      "groupRouting": "",
      "defaultProtocol": "http",
      "defaultPort": 9988,
      "autoRegOn": false,
      "classification": "",
      "odin": "hnb.uranus.public.common-plat.didi.com",
      "git": "",
      "techType": "go",
      "owner": "liujian",
      "version": 0,
      "status": "enabled",
      "endpoints": {
      	"http": [
          {
            "protocol": "http",
            "ip": "10.95.177.233",
            "port": 8120,
            "weight": 50,
            "status": "enabled",
            "tags": null,
            "agentNode": ""
          }
        ],
        "thrift": [
          {
            "protocol": "thrift",
            "ip": "10.95.177.233",
            "port": 8120,
            "weight": 50,
            "status": "enabled",
            "tags": null,
            "agentNode": ""
          }
        ]
      },
      "priority": 0
    }
  }
}
