{
  "d147a3ba-e64e-8805-e358-efe6cd8cb7b6": {
    "c88d9024-9bbf-4b09-3257-a67098ffbe8a": {
      "name": "disf!commonplat-public-charon",
      "type": "provider",
      "clusterName": "hna",
      "clusterId": "c88d9024-9bbf-4b09-3257-a67098ffbe8a",
      "su": "hna.commonplat-public-charon",
      "cuuid": "hna.commonplat-public-charon",
      "groupRouting": "offline",
      "defaultProtocol": "http",
      "defaultPort": 0,
      "autoRegOn": false,
      "classification": "",
      "odin": "hna.charon.public.common-plat.didi.com",
      "git": "",
      "techType": "go",
      "owner": "ysy",
      "version": 0,
      "status": "enabled",
      "endpoints": {
        "http": [
          {
            "protocol": "http",
            "ip": "127.0.0.1",
            "port": 8000,
            "weight": 50,
            "status": "disabled",
            "tags": null,
            "agentNode": ""
          },
          {
            "protocol": "http",
            "ip": "127.0.0.1",
            "port": 8080,
            "weight": 50,
            "status": "disabled",
            "tags": null,
            "agentNode": ""
          },
          {
            "protocol": "http",
            "ip": "10.94.121.23",
            "port": 8421,
            "weight": 50,
            "status": "disabled",
            "tags": null,
            "agentNode": ""
          },
          {
            "protocol": "http",
            "ip": "127.0.0.1",
            "port": 8421,
            "weight": 50,
            "status": "enabled",
            "tags": null,
            "agentNode": ""
          }
        ]
      },
      "priority": 0
    }
  }
}