{
  "d147a3ba-e64e-8805-e358-efe6cd8cb7b6": {
    "cba76f79-e3dd-d79b-f2f2-4b0fd18428dd": {
      "name": "disf!biz-gs-pope-pope_fs",
      "type": "",
      "clusterName": "hnb",
      "clusterId": "cba76f79-e3dd-d79b-f2f2-4b0fd18428dd",
      "su": "hnb.biz-gs-pope-pope_fs",
      "cuuid": "hnb.biz-gs-pope-pope_fs",
      "groupRouting": "",
      "defaultProtocol": "http",
      "defaultPort": 8000,
      "autoRegOn": false,
      "classification": "",
      "odin": "hnb.pope-fs.pope.gs.biz.didi.com",
      "git": "",
      "techType": "go",
      "owner": "liziyang",
      "version": 0,
      "status": "enabled",
      "endpoints": {
        "http": [
          {
            "protocol": "http",
            "ip": "10.95.176.204",
            "port": 8805,
            "weight": 50,
            "status": "enabled",
            "tags": null,
            "agentNode": ""
          }
        ]
      },
      "priority": 0
    }
  }
}