{
  "d147a3ba-e64e-8805-e358-efe6cd8cb7b6": {
    "ccdd6ed2-5c90-35f3-8a4e-780795fe6aaf": {
      "name": "disf!biz-gs-ufs",
      "type": "",
      "clusterName": "hna",
      "clusterId": "ccdd6ed2-5c90-35f3-8a4e-780795fe6aaf",
      "su": "hna.biz-gs-ufs",
      "cuuid": "hna.biz-gs-ufs",
      "groupRouting": "",
      "defaultProtocol": "thrift",
      "defaultPort": 9103,
      "autoRegOn": false,
      "classification": "",
      "odin": "hna.ufs.gs.biz.didi.com",
      "git": "",
      "techType": "go",
      "owner": "zhangzuli",
      "version": 0,
      "status": "enabled",
      "endpoints": {
      	"http": [
          {
            "protocol": "http",
            "ip": "10.96.115.142",
            "port": 8901,
            "weight": 50,
            "status": "disabled",
            "tags": null,
            "agentNode": ""
          }
        ],
        "thrift": [
          {
            "protocol": "thrift",
            "ip": "10.190.9.179",
            "port": 9101,
            "weight": 50,
            "status": "enabled",
            "tags": null,
            "agentNode": ""
          }
        ]
      },
      "priority": 0
    }
  }
}
