{
  "d147a3ba-e64e-8805-e358-efe6cd8cb7b6": {
    "m3fuEe7i-PZW4P-BFB10-WN6K8-admin": {
      "name": "disf!biz-gs-strategy-strategy_genrec",
      "type": "",
      "clusterName": "hna-v",
      "clusterId": "m3fuEe7i-PZW4P-BFB10-WN6K8-admin",
      "su": "hna-v.biz-gs-strategy-strategy_genrec",
      "cuuid": "hna-v.biz-gs-strategy-strategy_genrec",
      "groupRouting": "",
      "defaultProtocol": "thrift",
      "defaultPort": 8907,
      "autoRegOn": false,
      "classification": "",
      "releaseId": 0,
      "odin": "hna-v.strategy-genrec.strategy.gs.biz.platform.qa.didi.com",
      "git": "git@git.xiaojukeji.com:biztech_arch/strategy-genrec.git",
      "techType": "go",
      "owner": "dayunzhangyunfeng",
      "kmsConfig": "",
      "version": 11546314,
      "status": "enabled",
      "endpoints": {
        "http": [
          {
            "protocol": "http",
            "ip": "10.190.10.97",
            "port": 8906,
            "weight": 100,
            "status": "enabled",
            "tags": null,
            "agentNode": ""
          }
        ],
        "thrift": [
          {
            "protocol": "thrift",
            "ip": "10.192.88.144",
            "port": 8907,
            "weight": 100,
            "status": "enabled",
            "tags": null,
            "agentNode": ""
          }
        ]
      },
      "priority": 0
    }
  }
}