{
  "d147a3ba-e64e-8805-e358-efe6cd8cb7b6": {
    "Q8jPKHaf-jvJ45-SZ4lX-YIkyY-admin": {
      "name": "disf!biz-gs-strategy-strategy_ad",
      "type": "normal",
      "clusterName": "hna-sim01-v",
      "clusterId": "Q8jPKHaf-jvJ45-SZ4lX-YIkyY-admin",
      "su": "hna-sim01-v.biz-gs-strategy-strategy_ad",
      "cuuid": "hna-sim01-v.biz-gs-strategy-strategy_ad",
      "groupRouting": "biz-hna-sim01",
      "defaultProtocol": "thrift",
      "defaultPort": 8908,
      "autoRegOn": false,
      "classification": "biz",
      "releaseId": 0,
      "odin": "hna-sim01-v.strategy-ad.strategy.gs.biz.platform.qa.didi.com",
      "git": "git@git.xiaojukeji.com:biztech_arch/strategy-ad.git",
      "techType": "go",
      "owner": "dayunzhangyunfeng",
      "kmsConfig": "",
      "version": 15622314,
      "status": "enabled",
      "endpoints": {
        "http": [
          {
            "protocol": "http",
            "ip": "10.192.88.136",
            "port": 8907,
            "weight": 100,
            "status": "enabled",
            "tags": null,
            "agentNode": ""
          }
        ],
        "thrift": [
          {
            "protocol": "thrift",
            "ip": "127.0.0.1",
            "port": 8908,
            "weight": 100,
            "status": "enabled",
            "tags": null,
            "agentNode": ""
          }
        ]
      },
      "priority": 0
    }
  }
}