{
  "d147a3ba-e64e-8805-e358-efe6cd8cb7b6": {
    "0fa7aefd-b2b7-5ff8-c6b9-bf9fda89a6e8": {
      "name": "disf!engine-duse-duseapi",
      "type": "",
      "clusterName": "gs_hna",
      "clusterId": "0fa7aefd-b2b7-5ff8-c6b9-bf9fda89a6e8",
      "su": "gs_hna.engine-duse-duseapi",
      "cuuid": "gs_hna.engine-duse-duseapi",
      "libs": [
        ""
      ],
      "groupRouting": "offline",
      "defaultProtocol": "thrift",
      "defaultPort": 0,
      "autoRegOn": false,
      "classification": "",
      "odin": "hna.duse-api.duse.gs.engine.didi.com",
      "git": "",
      "techType": "go",
      "owner": "ysy",
      "version": 0,
      "status": "enabled",
      "endpoints": {
        "thrift": [
          {
            "protocol": "thrift",
            "ip": "127.0.0.1",
            "port": 5683,
            "weight": 50,
            "status": "disabled",
            "tags": null,
            "agentNode": ""
          },
          {
            "protocol": "thrift",
            "ip": "127.0.0.1",
            "port": 5691,
            "weight": 50,
            "status": "enabled",
            "tags": null,
            "agentNode": ""
          },
          {
            "protocol": "thrift",
            "ip": "10.95.117.165",
            "port": 5691,
            "weight": 100,
            "status": "disabled",
            "tags": null,
            "agentNode": ""
          }
        ]
      },
      "priority": 0
    }
  }
}