{
  "d147a3ba-e64e-8805-e358-efe6cd8cb7b6": {
    "9eaf6a02-1b90-424d-66b7-ba49fe37957a": {
      "name": "disf!engine-dache-duse-duse_api",
      "type": "",
      "clusterName": "hna",
      "clusterId": "9eaf6a02-1b90-424d-66b7-ba49fe37957a",
      "su": "hna.engine-dache-duse-duse_api",
      "cuuid": "hna.engine-dache-duse-duse_api",
      "groupRouting": "",
      "defaultProtocol": "thrift",
      "defaultPort": 5691,
      "autoRegOn": false,
      "classification": "",
      "odin": "hna.duse-api.duse.dache.engine.didi.com",
      "git": "",
      "techType": "go",
      "owner": "shidaixi",
      "version": 0,
      "status": "enabled",
      "endpoints": {
        "thrift": [
          {
            "protocol": "thrift",
            "ip": "127.0.0.1",
            "port": 5691,
            "weight": 50,
            "status": "enabled",
            "tags": null,
            "agentNode": ""
          }
        ]
      },
      "priority": 0
    }
  }
}