{
 "disf!offlineConsumerId": {
  "FFRAbaWu-AcrQi-SJI8F-6qlOv-admin": {
   "name": "disf!kflower-biz-gs-strategy-strategy_ksubsidy",
   "clusterName": "default",
   "clusterId": "FFRAbaWu-AcrQi-SJI8F-6qlOv-admin",
   "su": "default.kflower-biz-gs-strategy-strategy_ksubsidy",
   "cuuid": "default.kflower-biz-gs-strategy-strategy_ksubsidy",
   "defaultProtocol": "http",
   "defaultPort": 8911,
   "version": 12149,
   "endpoints": {
    "http": [
     {
      "protocol": "http",
      "ip": "127.0.0.1",
      "port": 8080,
      "weight": 50,
      "status": "enabled"
     }
    ]
   },
   "priority": 100
  }
 }
}